,name,runeId,id,level,magicLevel,needTarget,isAggressive,allowFarUse,charges,vocation,path,group,words,castSound,impactSound,mana,isPremium,range,blockWalls,needWeapon,cooldown,groupCooldown,needLearn,needCasterTargetOrDirection,needDirection,isSelfTarget,soul,hasParams,hasPlayerNameParam,allowOnSelf,isBlockingWalls
0,test rune,3162.0,220,20.0,5.0,True,False,True,25.0,"['sorcerer;true', 'master sorcerer;true']",.\#example.lua,,,,,,,,,,,,,,,,,,,,
1,Annihilation,,62,110.0,,True,,,,"['knight;true', 'elite knight;true']",.\attack\annihilation.lua,attack,exori gran ico,SOUND_EFFECT_TYPE_SPELL_OR_RUNE,SOUND_EFFECT_TYPE_SPELL_ANNIHILATION,300.0,True,1.0,True,True,30000,2000,False,,,,,,,,
2,Apprentice's Strike,,169,8.0,,,,,,"['druid;true', 'elder druid;true', 'sorcerer;true', 'master sorcerer;true']",.\attack\apprentice's_strike.lua,attack,exori min flam,SOUND_EFFECT_TYPE_SPELL_OR_RUNE,SOUND_EFFECT_TYPE_SPELL_FLAME_STRIKE,6.0,False,3.0,True,,2000,2000,False,True,,,,,,,
3,Berserk,,80,35.0,,,,,,"['knight;true', 'elite knight;true']",.\attack\berserk.lua,attack,exori,SOUND_EFFECT_TYPE_SPELL_BERSERK,,115.0,True,,,True,4000,2000,False,,,,,,,,
4,Brutal Strike,,61,16.0,,True,,,,"['knight;true', 'elite knight;true']",.\attack\brutal_strike.lua,attack,exori ico,SOUND_EFFECT_TYPE_SPELL_BRUTAL_STRIKE,,30.0,False,1.0,True,True,6000,2000,False,,,,,,,,
5,Buzz,,177,1.0,,,True,,,"['sorcerer;true', 'master sorcerer;true']",.\attack\buzz.lua,attack,exori infir vis,SOUND_EFFECT_TYPE_SPELL_OR_RUNE,SOUND_EFFECT_TYPE_SPELL_BUZZ,6.0,False,3.0,True,,2000,2000,False,True,,,,,,,
6,Chill Out,,173,1.0,,,,,,"['druid;true', 'elder druid;true']",.\attack\chill_out.lua,attack,exevo infir frigo hur,SOUND_EFFECT_TYPE_SPELL_CHILL_OUT,,8.0,False,1.0,,,4000,2000,False,,True,,,,,,
7,Curse,,139,75.0,,True,True,,,"['sorcerer;true', 'master sorcerer;true']",.\attack\curse.lua,attack,utori mort,SOUND_EFFECT_TYPE_SPELL_OR_RUNE,SOUND_EFFECT_TYPE_SPELL_CURSE,30.0,,3.0,True,,40000,2000,False,,,,,,,,
8,Death Strike,,87,16.0,,,,,,"['sorcerer;true', 'master sorcerer;true']",.\attack\death_strike.lua,attack,exori mort,SOUND_EFFECT_TYPE_SPELL_OR_RUNE,SOUND_EFFECT_TYPE_SPELL_DEATH_STRIKE,20.0,True,3.0,True,,2000,2000,False,True,,,,,,,
9,Divine Caldera,,124,50.0,,,,,,"['paladin;true', 'royal paladin;true']",.\attack\divine_caldera.lua,attack,exevo mas san,SOUND_EFFECT_TYPE_SPELL_DIVINE_CALDERA,,160.0,True,,,,4000,2000,False,,,True,,,,,
10,Divine Grenade,,258,300.0,,True,,,,"['paladin;true', 'royal paladin;true']",.\attack\divine_grenade.lua,attack,exevo tempo mas san,,,160.0,True,7.0,True,,1000,2000,True,,,,,,,,
11,Divine Missile,,122,40.0,,,,,,"['paladin;true', 'royal paladin;true']",.\attack\divine_missile.lua,attack,exori san,SOUND_EFFECT_TYPE_SPELL_OR_RUNE,SOUND_EFFECT_TYPE_SPELL_DIVINE_MISSILE,20.0,True,4.0,True,,2000,2000,False,True,,,,,,,
12,Electrify,,140,34.0,,True,True,,,"['sorcerer;true', 'master sorcerer;true']",.\attack\electrify.lua,attack,utori vis,SOUND_EFFECT_TYPE_SPELL_OR_RUNE,SOUND_EFFECT_TYPE_SPELL_ELECTRIFY,30.0,,3.0,True,,30000,2000,False,,,,,,,,
13,Energy Beam,,22,23.0,,,,,,"['sorcerer;true', 'master sorcerer;true']",.\attack\energy_beam.lua,attack,exevo vis lux,SOUND_EFFECT_TYPE_SPELL_ENERGY_BEAM,,40.0,False,,True,,4000,2000,False,,True,,,,,,
14,Energy Strike,,88,12.0,,,,,,"['druid;true', 'elder druid;true', 'sorcerer;true', 'master sorcerer;true']",.\attack\energy_strike.lua,attack,exori vis,SOUND_EFFECT_TYPE_SPELL_OR_RUNE,SOUND_EFFECT_TYPE_SPELL_ENERGY_STRIKE,20.0,True,3.0,True,,2000,2000,False,True,,,,,,,
15,Energy Wave,,13,38.0,,,,,,"['sorcerer;true', 'master sorcerer;true']",.\attack\energy_wave.lua,attack,exevo vis hur,SOUND_EFFECT_TYPE_SPELL_ENERGY_WAVE,,170.0,,,,,8000,2000,False,,True,,,,,,
16,Envenom,,142,50.0,,True,True,,,"['druid;true', 'elder druid;true']",.\attack\envenom.lua,attack,utori pox,SOUND_EFFECT_TYPE_SPELL_OR_RUNE,SOUND_EFFECT_TYPE_SPELL_ENVENOM,30.0,,3.0,True,,40000,2000,False,,,,,,,,
17,Eternal Winter,,118,60.0,,,,,,"['druid;true', 'elder druid;true']",.\attack\eternal_winter.lua,"['attack', 'focus']",exevo gran mas frigo,SOUND_EFFECT_TYPE_SPELL_ETERNAL_WINTER,,1050.0,True,5.0,,,40000,"[4000, 40000]",False,,,True,,,,,
18,Ethereal Spear,,111,23.0,,True,,,,"['paladin;true', 'royal paladin;true']",.\attack\ethereal_spear.lua,attack,exori con,SOUND_EFFECT_TYPE_SPELL_OR_RUNE,SOUND_EFFECT_TYPE_SPELL_ETHEREAL_SPEAR,25.0,True,7.0,True,,2000,2000,False,,,,,,,,
19,Executioner's Throw,,261,300.0,,True,,,,"['knight;true', 'elite knight;true']",.\attack\executioners_throw.lua,attack,exori amp kor,,,225.0,True,5.0,True,True,18000,2000,True,,,,,,,,
20,Fierce Berserk,,105,90.0,,,,,,"['knight;true', 'elite knight;true']",.\attack\fierce_berserk.lua,attack,exori gran,SOUND_EFFECT_TYPE_SPELL_FIERCE_BERSERK,,340.0,True,,,True,6000,2000,False,,,,,,,,
21,Fire Wave,,19,18.0,,,,,,"['sorcerer;true', 'master sorcerer;true']",.\attack\fire_wave.lua,attack,exevo flam hur,SOUND_EFFECT_TYPE_SPELL_FIRE_WAVE,,25.0,True,,,,4000,2000,False,,True,,,,,,
22,Flame Strike,,89,14.0,,,,,,"['sorcerer;true', 'druid;true', 'master sorcerer;true', 'elder druid;true']",.\attack\flame_strike.lua,attack,exori flam,SOUND_EFFECT_TYPE_SPELL_OR_RUNE,SOUND_EFFECT_TYPE_SPELL_FLAME_STRIKE,20.0,True,3.0,True,,2000,2000,False,True,,,,,,,
23,Front Sweep,,59,70.0,,,,,,"['knight;true', 'elite knight;true']",.\attack\front_sweep.lua,attack,exori min,SOUND_EFFECT_TYPE_SPELL_FRONT_SWEEP,,200.0,True,,,True,6000,2000,False,,True,,,,,,
24,Great Death Beam,,260,300.0,,,,,,"['sorcerer;true', 'master sorcerer;true']",.\attack\great_death_beam.lua,"['attack', 'greatbeams']",exevo max mort,,,140.0,False,,True,,10000,"[2000, 6000]",True,,True,,,,,,
25,Great Energy Beam,,23,29.0,,,,,,"['sorcerer;true', 'master sorcerer;true']",.\attack\great_energy_beam.lua,"['attack', 'greatbeams']",exevo gran vis lux,SOUND_EFFECT_TYPE_SPELL_GREAT_ENERGY_BEAM,,110.0,False,,True,,6000,"[2000, 6000]",False,,True,,,,,,
26,Great Fire Wave,,240,38.0,,,,,,"['sorcerer;true', 'master sorcerer;true']",.\attack\great_fire_wave.lua,attack,exevo gran flam hur,SOUND_EFFECT_TYPE_SPELL_GREAT_FIRE_WAVE,,120.0,True,,,,4000,2000,False,,True,,,,,,
27,Groundshaker,,106,33.0,,,,,,"['knight;true', 'elite knight;true']",.\attack\groundshaker.lua,attack,exori mas,SOUND_EFFECT_TYPE_SPELL_GROUNDSHAKER,,160.0,True,,,True,8000,2000,False,,,,,,,,
28,Hell's Core,,24,60.0,,,,,,"['sorcerer;true', 'master sorcerer;true']",.\attack\hells_core.lua,"['attack', 'focus']",exevo gran mas flam,SOUND_EFFECT_TYPE_SPELL_HELL_SCORE,,1100.0,True,,,,40000,"[4000, 40000]",False,,,True,,,,,
29,Holy Flash,,143,70.0,,True,True,,,"['paladin;true', 'royal paladin;true']",.\attack\holy_flash.lua,attack,utori san,SOUND_EFFECT_TYPE_SPELL_OR_RUNE,SOUND_EFFECT_TYPE_SPELL_HOLY_FLASH,30.0,,3.0,True,,40000,2000,False,,,,,,,,
30,Ice Burst,,262,300.0,,,,,,"['druid;true', 'elder druid;true']",.\attack\ice_burst.lua,"['attack', 'burstsofnature']",exevo ulus frigo,SOUND_EFFECT_TYPE_SPELL_ETERNAL_WINTER,,230.0,True,,,,22000,"[2000, 22000]",True,,,True,,,,,
31,Ice Strike,,112,15.0,,,,,,"['druid;true', 'sorcerer;true', 'elder druid;true', 'master sorcerer;true']",.\attack\ice_strike.lua,attack,exori frigo,SOUND_EFFECT_TYPE_SPELL_OR_RUNE,SOUND_EFFECT_TYPE_SPELL_ICE_STRIKE,20.0,True,3.0,True,,2000,2000,False,True,,,,,,,
32,Ice Wave,,121,18.0,,,,,,"['druid;true', 'elder druid;true']",.\attack\ice_wave.lua,attack,exevo frigo hur,SOUND_EFFECT_TYPE_SPELL_OR_RUNE,SOUND_EFFECT_TYPE_SPELL_ICE_WAVE,25.0,,,,,4000,2000,False,,True,,,,,,
33,Ignite,,138,26.0,,True,True,,,"['sorcerer;true', 'master sorcerer;true']",.\attack\ignite.lua,attack,utori flam,SOUND_EFFECT_TYPE_SPELL_OR_RUNE,SOUND_EFFECT_TYPE_SPELL_IGNITE,30.0,,3.0,True,,30000,2000,False,,,,,,,,
34,Inflict Wound,,141,40.0,,True,True,,,"['knight;true', 'elite knight;true']",.\attack\inflict_wound.lua,attack,utori kor,SOUND_EFFECT_TYPE_SPELL_OR_RUNE,SOUND_EFFECT_TYPE_SPELL_INFLICT_WOUND,30.0,,1.0,True,,30000,2000,False,,,,,,,,
35,Lightning,,149,55.0,,,,,,"['sorcerer;true', 'master sorcerer;true']",.\attack\lightning.lua,"['attack', 'special']",exori amp vis,SOUND_EFFECT_TYPE_SPELL_LIGHTNING,,60.0,True,4.0,True,,8000,"[2000, 8000]",False,True,,,,,,,
36,Mud Attack,,174,1.0,,,True,,,"['druid;true', 'elder druid;true']",.\attack\mud_attack.lua,attack,exori infir tera,SOUND_EFFECT_TYPE_SPELL_OR_RUNE,SOUND_EFFECT_TYPE_SPELL_MUD_ATTACK,6.0,False,3.0,True,,2000,2000,False,True,,,,,,,
37,Physical Strike,,148,16.0,,,,,,"['druid;true', 'elder druid;true']",.\attack\physical_strike.lua,attack,exori moe ico,SOUND_EFFECT_TYPE_SPELL_OR_RUNE,SOUND_EFFECT_TYPE_SPELL_PHYSICAL_STRIKE,20.0,True,3.0,True,,2000,2000,False,True,,,,,,,
38,Practise Fire Wave,,167,1.0,,,,,,none,.\attack\practice_fire_wave.lua,attack,exevo dis flam hur,SOUND_EFFECT_TYPE_SPELL_PRACTISE_FIRE_WAVE,,5.0,,,,,4000,2000,,,True,,,,,,
39,Rage of the Skies,,119,55.0,,,,,,"['sorcerer;true', 'master sorcerer;true']",.\attack\rage_of_the_skies.lua,"['attack', 'focus']",exevo gran mas vis,SOUND_EFFECT_TYPE_SPELL_RAGE_OF_THE_SKIES,,600.0,True,,,,40000,"[4000, 40000]",False,,,True,,,,,
40,Scorch,,178,1.0,,,True,,,"['sorcerer;true', 'master sorcerer;true']",.\attack\scorch.lua,attack,exevo infir flam hur,SOUND_EFFECT_TYPE_SPELL_SCORCH,,8.0,False,,,,4000,2000,False,,True,,,,,,
41,Strong Energy Strike,,151,80.0,,,,,,"['sorcerer;true', 'master sorcerer;true']",.\attack\strong_energy_strike.lua,"['attack', 'special']",exori gran vis,SOUND_EFFECT_TYPE_SPELL_OR_RUNE,SOUND_EFFECT_TYPE_SPELL_STRONG_ENERGY_STRIKE,60.0,True,3.0,True,,8000,"[2000, 8000]",False,True,,,,,,,
42,Strong Ethereal Spear,,57,90.0,,True,,,,"['paladin;true', 'royal paladin;true']",.\attack\strong_ethereal_spear.lua,attack,exori gran con,SOUND_EFFECT_TYPE_SPELL_OR_RUNE,SOUND_EFFECT_TYPE_SPELL_STRONG_ETHEREAL_SPEAR,55.0,True,7.0,True,,8000,2000,False,,,,,,,,
43,Strong Flame Strike,,150,70.0,,,,,,"['sorcerer;true', 'master sorcerer;true']",.\attack\strong_flame_strike.lua,"['attack', 'special']",exori gran flam,SOUND_EFFECT_TYPE_SPELL_OR_RUNE,SOUND_EFFECT_TYPE_SPELL_STRONG_FLAME_STRIKE,60.0,True,3.0,True,,8000,"[2000, 8000]",False,True,,,,,,,
44,Strong Ice Strike,,152,80.0,,,,,,"['druid;true', 'elder druid;true']",.\attack\strong_ice_strike.lua,"['attack', 'special']",exori gran frigo,SOUND_EFFECT_TYPE_SPELL_OR_RUNE,SOUND_EFFECT_TYPE_SPELL_STRONG_ICE_STRIKE,60.0,True,3.0,True,,8000,"[2000, 8000]",False,True,,,,,,,
45,Strong Ice Wave,,43,40.0,,,,,,"['druid;true', 'elder druid;true']",.\attack\strong_ice_wave.lua,attack,exevo gran frigo hur,SOUND_EFFECT_TYPE_SPELL_STRONG_ICE_WAVE,,170.0,,,,,8000,2000,False,,True,,,,,,
46,Strong Terra Strike,,153,70.0,,,,,,"['druid;true', 'elder druid;true']",.\attack\strong_terra_strike.lua,"['attack', 'special']",exori gran tera,SOUND_EFFECT_TYPE_SPELL_OR_RUNE,SOUND_EFFECT_TYPE_SPELL_STRONG_TERRA_STRIKE,60.0,True,3.0,True,,8000,"[2000, 8000]",False,True,,,,,,,
47,Terra Burst,,263,300.0,,,,,,"['druid;true', 'elder druid;true']",.\attack\terra_burst.lua,"['attack', 'burstsofnature']",exevo ulus tera,SOUND_EFFECT_TYPE_SPELL_WRATH_OF_NATURE,,230.0,True,,,,22000,"[2000, 22000]",True,,,True,,,,,
48,Terra Strike,,113,13.0,,,,,,"['druid;true', 'elder druid;true', 'sorcerer;true', 'master sorcerer;true']",.\attack\terra_strike.lua,attack,exori tera,SOUND_EFFECT_TYPE_SPELL_OR_RUNE,SOUND_EFFECT_TYPE_SPELL_TERRA_STRIKE,20.0,False,3.0,True,,2000,2000,False,True,,,,,,,
49,Terra Wave,,120,38.0,,,,,,"['druid;true', 'elder druid;true']",.\attack\terra_wave.lua,attack,exevo tera hur,SOUND_EFFECT_TYPE_SPELL_TERRA_WAVE,,170.0,True,,,,4000,2000,False,,True,,,,,,
50,Ultimate Energy Strike,,155,100.0,,,,,,"['sorcerer;true', 'master sorcerer;true']",.\attack\ultimate_energy_strike.lua,"['attack', 'ultimatestrikes']",exori max vis,SOUND_EFFECT_TYPE_SPELL_OR_RUNE,SOUND_EFFECT_TYPE_SPELL_ULTIMATE_ENERGY_STRIKE,100.0,True,3.0,True,,30000,"[2000, 30000]",False,True,,,,,,,
51,Ultimate Flame Strike,,154,90.0,,,,,,"['sorcerer;true', 'master sorcerer;true']",.\attack\ultimate_flame_strike.lua,"['attack', 'ultimatestrikes']",exori max flam,SOUND_EFFECT_TYPE_SPELL_OR_RUNE,SOUND_EFFECT_TYPE_SPELL_ULTIMATE_FLAME_STRIKE,100.0,True,3.0,True,,30000,"[2000, 30000]",False,True,,,,,,,
52,Ultimate Ice Strike,,156,100.0,,,,,,"['druid;true', 'elder druid;true']",.\attack\ultimate_ice_strike.lua,"['attack', 'ultimatestrikes']",exori max frigo,SOUND_EFFECT_TYPE_SPELL_OR_RUNE,SOUND_EFFECT_TYPE_SPELL_ULTIMATE_ICE_STRIKE,100.0,True,3.0,True,,30000,"[2000, 30000]",False,True,,,,,,,
53,Ultimate Terra Strike,,157,90.0,,,,,,"['druid;true', 'elder druid;true']",.\attack\ultimate_terra_strike.lua,"['attack', 'ultimatestrikes']",exori max tera,SOUND_EFFECT_TYPE_SPELL_OR_RUNE,SOUND_EFFECT_TYPE_SPELL_ULTIMATE_TERRA_STRIKE,100.0,True,3.0,True,,30000,"[2000, 30000]",False,True,,,,,,,
54,Whirlwind Throw,,107,28.0,,True,,,,"['knight;true', 'elite knight;true']",.\attack\whirlwind_throw.lua,attack,exori hur,SOUND_EFFECT_TYPE_SPELL_OR_RUNE,SOUND_EFFECT_TYPE_SPELL_WHIRLWIND_THROW,40.0,True,5.0,True,True,6000,2000,False,,,,,,,,
55,Wrath of Nature,,56,55.0,,,,,,"['druid;true', 'elder druid;true']",.\attack\wrath_of_nature.lua,"['attack', 'focus']",exevo gran mas tera,SOUND_EFFECT_TYPE_SPELL_WRATH_OF_NATURE,,700.0,True,,,,40000,"[4000, 40000]",False,,,True,,,,,
56,Animate Dead Rune,,,27.0,,,False,,,"['druid;true', 'elder druid;true', 'sorcerer;true', 'master sorcerer;true']",.\conjuring\animate_dead_rune.lua,support,adana mort,,,600.0,True,,,,2000,2000,False,,,,5.0,,,,
57,Arrow Call,,176,1.0,,,False,,,"['paladin;true', 'royal paladin;true']",.\conjuring\arrow_call.lua,support,exevo infir con,SOUND_EFFECT_TYPE_SPELL_ARROW_CALL,,10.0,,,,,2000,2000,False,,,True,1.0,,,,
58,Avalanche Rune,,,30.0,,,False,,,"['druid;true', 'elder druid;true']",.\conjuring\avalanche_rune.lua,support,adori mas frigo,,,530.0,,,,,2000,2000,False,,,,3.0,,,,
59,Blank Rune,,,20.0,,,,,,"['druid;true', 'paladin;true', 'sorcerer;true', 'elder druid;true', 'royal paladin;true', 'master sorcerer;true']",.\conjuring\blank_rune.lua,support,adori blank,,,50.0,,,,,2000,2000,False,,,,1.0,,,,
60,Chameleon Rune,,,27.0,,,False,,,"['druid;true', 'elder druid;true']",.\conjuring\chameleon_rune.lua,support,adevo ina,,,600.0,,,,,2000,2000,False,,,,2.0,,,,
61,Conjure Arrow,,51,13.0,,,False,,,,.\conjuring\conjure_arrow.lua,support,exevo con,SOUND_EFFECT_TYPE_SPELL_CONJURE_ARROW,,100.0,,,,,2000,2000,False,,,True,10.0,,,,
62,Conjure Bolt,,79,17.0,,,False,,,"['paladin;true', 'royal paladin;true']",.\conjuring\conjure_bolt.lua,support,exevo con mort,SOUND_EFFECT_TYPE_SPELL_CONJURE_ARROW,,140.0,True,,,,2000,2000,False,,,True,2.0,,,,
63,Conjure Explosive Arrow,,49,25.0,,,False,,,,.\conjuring\conjure_explosive_arrow.lua,support,exevo con flam,SOUND_EFFECT_TYPE_SPELL_CONJURE_EXPLOSIVE_ARROW,,290.0,,,,,2000,2000,False,,,True,30.0,,,,
64,Conjure Piercing Bolt,,109,33.0,,,False,,,"['paladin;true', 'royal paladin;true']",.\conjuring\conjure_piercing_bolt.lua,support,exevo con grav,,,180.0,True,,,,2000,2000,False,,,True,3.0,,,,
65,Conjure Poisoned Arrow,,48,16.0,,,False,,,,.\conjuring\conjure_poisoned_arrow.lua,support,exevo con pox,,,130.0,,,,,2000,2000,False,,,True,20.0,,,,
66,Conjure Power Bolt,,95,59.0,,,False,,,royal paladin;true,.\conjuring\conjure_power_bolt.lua,support,exevo con vis,,,700.0,True,,,,2000,2000,False,,,True,4.0,,,,
67,Conjure Royal Star,,191,150.0,,,False,,,"['paladin;true', 'royal paladin;true']",.\conjuring\conjure_royal_star.lua,support,exevo gran con grav,,,1000.0,True,,,,2000,2000,False,,,True,0.0,,,,
68,Conjure Sniper Arrow,,108,24.0,,,False,,,,.\conjuring\conjure_sniper_arrow.lua,support,exevo con hur,,,160.0,True,,,,2000,2000,False,,,True,30.0,,,,
69,Conjure Wand of Darkness,,92,41.0,,,False,,,"['sorcerer;true', 'master sorcerer;true']",.\conjuring\conjure_wand_of_darkness.lua,support,exevo gran mort,SOUND_EFFECT_TYPE_SPELL_CONJURE_WAND_OF_DARKNESS,,250.0,True,,,,1800000,2000,False,,,True,0.0,,,,
70,Convince Creature Rune,,,16.0,,,False,,,"['druid;true', 'elder druid;true']",.\conjuring\convince_creature_rune.lua,support,adeta sio,,,200.0,,,,,2000,2000,False,,,,3.0,,,,
71,Cure Poison Rune,,,15.0,,,False,,,"['druid;true', 'elder druid;true']",.\conjuring\cure_poison_rune.lua,support,adana pox,,,200.0,,,,,2000,2000,False,,,,1.0,,,,
72,Destroy Field Rune,,,17.0,,,False,,,"['druid;true', 'elder druid;true', 'paladin;true', 'royal paladin;true', 'sorcerer;true', 'master sorcerer;true']",.\conjuring\destroy_field_rune.lua,support,adito grav,,,120.0,,,,,2000,2000,False,,,,2.0,,,,
73,Disintegrate Rune,,,21.0,,,False,,,"['druid;true', 'elder druid;true', 'paladin;true', 'royal paladin;true', 'sorcerer;true', 'master sorcerer;true']",.\conjuring\disintegrate_rune.lua,support,adito tera,,,200.0,True,,,,2000,2000,False,,,,3.0,,,,
74,Enchant Spear,,110,45.0,,,False,,,"['paladin;true', 'royal paladin;true']",.\conjuring\enchant_spear.lua,support,exeta con,SOUND_EFFECT_TYPE_SPELL_ENCHANT_SPEAR,,350.0,True,,,,2000,2000,False,,,True,3.0,,,,
75,Enchant Staff,,92,41.0,,,False,,,master sorcerer;true,.\conjuring\enchant_staff.lua,support,exeta vis,,,80.0,True,,,,2000,2000,False,,,True,,,,,
76,Energy Bomb Rune,,,37.0,,,False,,,"['sorcerer;true', 'master sorcerer;true']",.\conjuring\energy_bomb_rune.lua,support,adevo mas vis,,,880.0,True,,,,2000,2000,False,,,,5.0,,,,
77,Energy Field Rune,,,18.0,,,False,,,"['druid;true', 'elder druid;true', 'sorcerer;true', 'master sorcerer;true']",.\conjuring\energy_field_rune.lua,support,adevo grav vis,,,320.0,,,,,2000,2000,False,,,,2.0,,,,
78,Energy Wall Rune,,,41.0,,,False,,,"['druid;true', 'elder druid;true', 'sorcerer;true', 'master sorcerer;true']",.\conjuring\energy_wall_rune.lua,support,adevo mas grav vis,,,1000.0,,,,,2000,2000,False,,,,5.0,,,,
79,Explosion Rune,,,31.0,,,False,,,"['druid;true', 'elder druid;true', 'sorcerer;true', 'master sorcerer;true']",.\conjuring\explosion_rune.lua,support,adevo mas hur,,,570.0,,,,,2000,2000,False,,,,4.0,,,,
80,Fireball Rune,,,27.0,,,False,,,"['sorcerer;true', 'master sorcerer;true']",.\conjuring\fireball_rune.lua,support,adori flam,,,460.0,True,,,,2000,2000,False,,,,3.0,,,,
81,Fire Bomb Rune,,,27.0,,,False,,,"['druid;true', 'elder druid;true', 'sorcerer;true', 'master sorcerer;true']",.\conjuring\fire_bomb_rune.lua,support,adevo mas flam,,,600.0,,,,,2000,2000,False,,,,4.0,,,,
82,Fire Field Rune,,,15.0,,,False,,,"['druid;true', 'elder druid;true', 'sorcerer;true', 'master sorcerer;true']",.\conjuring\fire_field_rune.lua,support,adevo grav flam,,,240.0,,,,,2000,2000,False,,,,1.0,,,,
83,Fire Wall Rune,,,33.0,,,False,,,"['druid;true', 'elder druid;true', 'sorcerer;true', 'master sorcerer;true']",.\conjuring\fire_wall_rune.lua,support,adevo mas grav flam,,,780.0,,,,,2000,2000,False,,,,4.0,,,,
84,Great Fireball Rune,,,30.0,,,False,,,"['sorcerer;true', 'master sorcerer;true']",.\conjuring\great_fireball_rune.lua,support,adori mas flam,,,530.0,,,,,2000,2000,False,,,,3.0,,,,
85,Heavy Magic Missile Rune,,,25.0,,,False,,,"['druid;true', 'elder druid;true', 'sorcerer;true', 'master sorcerer;true']",.\conjuring\heavy_magic_missile_rune.lua,support,adori vis,,,350.0,,,,,2000,2000,False,,,,2.0,,,,
86,Holy Missile Rune,,,27.0,,,False,,,"['paladin;true', 'royal paladin;true']",.\conjuring\holy_missile_rune.lua,support,adori san,,,300.0,True,,,,2000,2000,False,,,,3.0,,,,
87,Icicle Rune,,,28.0,,,False,,,"['druid;true', 'elder druid;true']",.\conjuring\icicle_rune.lua,support,adori frigo,,,460.0,True,,,,2000,2000,False,,,,3.0,,,,
88,Intense Healing Rune,,,15.0,,,False,,,"['druid;true', 'elder druid;true']",.\conjuring\intense_healing_rune.lua,support,adura gran,,,120.0,,,,,2000,2000,False,,,,2.0,,,,
89,Lightest Magic Missile,,,1.0,,,,,,none,.\conjuring\lightest_magic_missile_rune.lua,support,adori dis min vis,,,5.0,,,,,2000,2000,False,,,,0.0,,,,
90,Lightest Missile Rune,,,1.0,,,False,,,"['druid;true', 'elder druid;true', 'sorcerer;true', 'master sorcerer;true']",.\conjuring\lightest_missile_rune.lua,support,adori infir vis,,,6.0,,,,,2000,2000,False,,,,0.0,,,,
91,Light Magic Missile Rune,,,15.0,,,False,,,"['druid;true', 'elder druid;true', 'sorcerer;true', 'master sorcerer;true']",.\conjuring\light_magic_missile_rune.lua,support,adori min vis,,,120.0,,,,,2000,2000,False,,,,1.0,,,,
92,Light Stone Shower Rune,,,1.0,,,False,,,"['druid;true', 'elder druid;true', 'sorcerer;true', 'master sorcerer;true']",.\conjuring\light_stone_shower_rune.lua,support,adori infir mas tera,,,6.0,,,,,2000,2000,False,,,,3.0,,,,
93,Magic Wall Rune,,,32.0,,,False,,,"['sorcerer;true', 'master sorcerer;true']",.\conjuring\magic_wall_rune.lua,support,adevo grav tera,,,750.0,True,,,,2000,2000,False,,,,5.0,,,,
94,Paralyze Rune,,,54.0,,,False,,,"['druid;true', 'elder druid;true']",.\conjuring\paralyze_rune.lua,support,adana ani,,,1400.0,True,,,,2000,2000,False,,,,3.0,,,,
95,Poison Bomb Rune,,,25.0,,,False,,,"['druid;true', 'elder druid;true']",.\conjuring\poison_bomb_rune.lua,support,adevo mas pox,,,520.0,True,,,,2000,2000,False,,,,2.0,,,,
96,Poison Field Rune,,,14.0,,,False,,,"['druid;true', 'elder druid;true', 'sorcerer;true', 'master sorcerer;true']",.\conjuring\poison_field_rune.lua,support,adevo grav pox,,,200.0,,,,,2000,2000,False,,,,1.0,,,,
97,Poison Wall Rune,,,29.0,,,False,,,"['druid;true', 'elder druid;true', 'sorcerer;true', 'master sorcerer;true']",.\conjuring\poison_wall_rune.lua,support,adevo mas grav pox,,,640.0,,,,,2000,2000,False,,,,3.0,,,,
98,Soulfire Rune,,,27.0,,,False,,,"['druid;true', 'elder druid;true', 'sorcerer;true', 'master sorcerer;true']",.\conjuring\soulfire_rune.lua,support,adevo res flam,,,420.0,True,,,,2000,2000,False,,,,3.0,,,,
99,Stalagmite Rune,,,24.0,,,False,,,"['druid;true', 'elder druid;true', 'sorcerer;true', 'master sorcerer;true']",.\conjuring\stalagmite_rune.lua,support,adori tera,,,350.0,,,,,2000,2000,False,,,,2.0,,,,
100,Stone Shower Rune,,,28.0,,,False,,,"['druid;true', 'elder druid;true']",.\conjuring\stone_shower_rune.lua,support,adori mas tera,,,430.0,True,,,,2000,2000,False,,,,3.0,,,,
101,Sudden Death Rune,,,45.0,,,False,,,"['sorcerer;true', 'master sorcerer;true']",.\conjuring\sudden_death_rune.lua,support,adori gran mort,,,985.0,,,,,2000,2000,False,,,,5.0,,,,
102,Thunderstorm Rune,,,28.0,,,False,,,"['sorcerer;true', 'master sorcerer;true']",.\conjuring\thunderstorm_rune.lua,support,adori mas vis,,,430.0,True,,,,2000,2000,False,,,,3.0,,,,
103,Ultimate Healing Rune,,,24.0,,,False,,,"['druid;true', 'elder druid;true']",.\conjuring\ultimate_healing_rune.lua,support,adura vita,,,400.0,,,,,2000,2000,False,,,,3.0,,,,
104,Wild Growth Rune,,,27.0,,,False,,,"['druid;true', 'elder druid;true']",.\conjuring\wild_growth_rune.lua,support,adevo grav vita,,,600.0,True,,,,2000,2000,False,,,,5.0,,,,
105,Druid familiar,,spellId,200.0,,,False,,,"['druid;true', 'elder druid;true']",.\familiar\druid_familiar.lua,support,utevo gran res dru,SOUND_EFFECT_TYPE_SPELL_SUMMON_DRUID_FAMILIAR,,3000.0,,,,,0,2000,False,,,,,,,,
106,Knight familiar,,spellId,200.0,,,False,,,"['knight;true', 'elite knight;true']",.\familiar\knight_familiar.lua,support,utevo gran res eq,SOUND_EFFECT_TYPE_SPELL_SUMMON_KNIGHT_FAMILIAR,,1000.0,,,,,0,2000,False,,,,,,,,
107,Paladin familiar,,spellId,200.0,,,False,,,"['paladin;true', 'royal paladin;true']",.\familiar\paladin_familiar.lua,support,utevo gran res sac,SOUND_EFFECT_TYPE_SPELL_SUMMON_PALADIN_FAMILIAR,,2000.0,,,,,0,2000,False,,,,,,,,
108,Sorcerer familiar,,spellId,200.0,,,False,,,"['sorcerer;true', 'master sorcerer;true']",.\familiar\sorcerer_familiar.lua,support,utevo gran res ven,SOUND_EFFECT_TYPE_SPELL_SUMMON_SORCERER_FAMILIAR,,3000.0,,,,,0,2000,False,,,,,,,,
109,Bruise Bane,,170,1.0,,,False,,,"['knight;true', 'elite knight;true']",.\healing\bruise_bane.lua,healing,exura infir ico,SOUND_EFFECT_TYPE_SPELL_BRUISE_BANE,,10.0,False,,,,1000,1000,False,,,True,,,,,
110,Cure Bleeding,,144,45.0,,,False,,,,.\healing\cure_bleeding.lua,healing,exana kor,SOUND_EFFECT_TYPE_SPELL_CURE_BLEEDING,,30.0,True,,,,6000,1000,False,,,True,,,,,
111,Cure Burning,,145,30.0,,,False,,,,.\healing\cure_burning.lua,healing,exana flam,SOUND_EFFECT_TYPE_SPELL_CURE_BURNING,,30.0,True,,,,6000,1000,False,,,True,,,,,
112,Cure Curse,,147,80.0,,,False,,,,.\healing\cure_curse.lua,healing,exana mort,SOUND_EFFECT_TYPE_SPELL_CURE_CURSE,,40.0,True,,,,6000,1000,False,,,True,,,,,
113,Cure Electrification,,146,22.0,,,False,,,,.\healing\cure_electrification.lua,healing,exana vis,SOUND_EFFECT_TYPE_SPELL_CURE_ELECTRIFICATION,,30.0,True,,,,6000,1000,False,,,True,,,,,
114,Cure Poison,,29,10.0,,,False,,,"['druid;true', 'elder druid;true', 'knight;true', 'elite knight;true', 'paladin;true', 'royal paladin;true', 'sorcerer;true', 'master sorcerer;true']",.\healing\cure_poison.lua,healing,exana pox,SOUND_EFFECT_TYPE_SPELL_CURE_POISON,,30.0,False,,,,6000,1000,False,,,True,,,,,
115,Divine Healing,,125,35.0,,,False,,,"['paladin;true', 'royal paladin;true']",.\healing\divine_healing.lua,healing,exura san,SOUND_EFFECT_TYPE_SPELL_DIVINE_HEALING,,160.0,False,,,,1000,1000,False,,,True,,,,,
116,Fair Wound Cleansing,,239,300.0,,,False,,,"['knight;true', 'elite knight;true']",.\healing\fair_wound_cleansing.lua,healing,exura med ico,SOUND_EFFECT_TYPE_SPELL_FAIR_WOUND_CLEANSING,,90.0,True,,,,1000,1000,False,,,True,,,,,
117,Heal Friend,,84,18.0,,True,False,,,"['druid;true', 'elder druid;true']",.\healing\heal_friend.lua,healing,exura sio,SOUND_EFFECT_TYPE_SPELL_HEAL_FRIEND,,120.0,True,,,,1000,1000,,,,,,True,True,False,
118,Heal Malice,,,,,,,,,,.\healing\heal_malice.lua,,#####462,,,,,,True,,,,True,,True,,,,,,
119,Heal Monster,,,,,,,,,,.\healing\heal_monsters.lua,,#####458,,,,,,True,,,,True,,True,,,,,,
120,Heal Monster 9x9,,,,,,,,,,.\healing\heal_monsters_9x9.lua,,#####459,,,,,,True,,,,True,,True,,,,,,
121,Intense Healing,,2,20.0,,,False,,,"['druid;true', 'elder druid;true', 'paladin;true', 'royal paladin;true', 'sorcerer;true', 'master sorcerer;true']",.\healing\intense_healing.lua,healing,exura gran,SOUND_EFFECT_TYPE_SPELL_INTENSE_HEALING,,70.0,,,,,1000,1000,,,,True,,,,,
122,Intense Recovery,,160,100.0,,,False,,,"['knight;true', 'elite knight;true', 'paladin;true', 'royal paladin;true']",.\healing\intense_recovery.lua,healing,utura gran,SOUND_EFFECT_TYPE_SPELL_INTENSE_RECOVERY,,165.0,True,,,,cooldown,1000,False,,,True,,,,,
123,Intense Wound Cleansing,,158,80.0,,,False,,,"['knight;true', 'elite knight;true']",.\healing\intense_wound_cleansing.lua,healing,exura gran ico,SOUND_EFFECT_TYPE_SPELL_INTENSE_WOUND_CLEANSING,,200.0,True,,,,600000,1000,False,,,True,,,,,
124,Light Healing,,1,8.0,,,False,,,"['druid;true', 'elder druid;true', 'paladin;true', 'royal paladin;true', 'sorcerer;true', 'master sorcerer;true']",.\healing\light_healing.lua,healing,exura,SOUND_EFFECT_TYPE_SPELL_LIGHT_HEALING,,20.0,,,,,1000,1000,False,,,True,,,,,
125,Magic Patch,,174,1.0,,,False,,,"['druid;true', 'elder druid;true', 'paladin;true', 'royal paladin;true', 'sorcerer;true', 'master sorcerer;true']",.\healing\magic_patch.lua,healing,exura infir,SOUND_EFFECT_TYPE_SPELL_MAGIC_PATCH,,6.0,False,,,,1000,1000,False,,,True,,,,,
126,Mass Healing,,82,36.0,,,False,,,"['druid;true', 'elder druid;true']",.\healing\mass_healing.lua,healing,exura gran mas res,SOUND_EFFECT_TYPE_SPELL_MASS_HEALING,,150.0,True,,,,2000,1000,False,,,,,,,,
127,Nature's Embrace,,242,300.0,,True,False,,,"['druid;true', 'elder druid;true']",.\healing\nature's_embrace.lua,healing,exura gran sio,SOUND_EFFECT_TYPE_SPELL_NATURES_EMBRACE,,400.0,True,,,,60000,1000,False,,,,,True,True,,True
128,Practice Healing,,166,1.0,,,False,,,none,.\healing\practice_healing.lua,healing,exura dis,SOUND_EFFECT_TYPE_SPELL_PRACTISE_HEALING,,5.0,,,,,1000,1000,False,,,True,,,,,
129,Recovery,,159,50.0,,,False,,,"['knight;true', 'elite knight;true', 'paladin;true', 'royal paladin;true']",.\healing\recovery.lua,healing,utura,SOUND_EFFECT_TYPE_SPELL_RECOVERY,,75.0,,,,,60000,1000,False,,,True,,,,,
130,Restoration,,241,300.0,,,False,,,"['druid;true', 'sorcerer;true', 'elder druid;true', 'master sorcerer;true']",.\healing\restoration.lua,healing,exura max vita,SOUND_EFFECT_TYPE_SPELL_RESTORATION,,260.0,,,,,6000,1000,False,,,True,,,,,
131,Salvation,,36,60.0,,,False,,,"['paladin;true', 'royal paladin;true']",.\healing\salvation.lua,healing,exura gran san,SOUND_EFFECT_TYPE_SPELL_SALVATION,,210.0,True,,,,1000,1000,False,,,True,,,,,
132,Ultimate Healing,,3,30.0,,,False,,,"['druid;true', 'elder druid;true', 'sorcerer;true', 'master sorcerer;true']",.\healing\ultimate_healing.lua,healing,exura vita,SOUND_EFFECT_TYPE_SPELL_ULTIMATE_HEALING,,160.0,,,,,1000,1000,False,,,True,,,,,
133,Wound Cleansing,,123,8.0,,,False,,,"['knight;true', 'elite knight;true']",.\healing\wound_cleansing.lua,healing,exura ico,SOUND_EFFECT_TYPE_SPELL_WOUND_CLEANSING,,40.0,,,,,1000,1000,,,,True,,,,,
134,House Door List,,,,,,False,,,,.\house\edit_door_list.lua,,aleta grav,SOUND_EFFECT_TYPE_SPELL_EDIT_DOOR,,,,,,,,,,True,,,,,,,
135,House Guest List,,,,,,False,,,,.\house\edit_guest_list.lua,,aleta sio,SOUND_EFFECT_TYPE_SPELL_INVITE_GUESTS,,,,,,,,,,,,,,,,,
136,House Subowner List,,,,,,False,,,,.\house\edit_subowner_list.lua,,aleta som,SOUND_EFFECT_TYPE_SPELL_INVITE_SUBOWNERS,,,,,,,,,,,,,,,,,
137,House Kick,,,,,,False,,,,.\house\kick.lua,,alana sio,SOUND_EFFECT_TYPE_SPELL_KICK_GUEST,,,,,,,,,,,,,,True,True,,
138,Enchant Party,,129,32.0,,,False,,,"['sorcerer;true', 'master sorcerer;true']",.\party\enchant_party.lua,support,utori mas sio,SOUND_EFFECT_TYPE_SPELL_ENCHANT_PARTY,,120.0,True,,,,2000,2000,False,,,True,,,,,
139,Heal Party,,128,32.0,,,False,,,"['druid;true', 'elder druid;true']",.\party\heal_party.lua,support,utura mas sio,SOUND_EFFECT_TYPE_SPELL_HEAL_PARTY,,120.0,True,,,,2000,2000,False,,,True,,,,,
140,Protect Party,,127,32.0,,,False,,,"['paladin;true', 'royal paladin;true']",.\party\protect_party.lua,support,utamo mas sio,SOUND_EFFECT_TYPE_SPELL_PROTECT_PARTY,,90.0,True,,,,2000,2000,False,,,True,,,,,
141,Train Party,,126,32.0,,,False,,,"['knight;true', 'elite knight;true']",.\party\train_party.lua,support,utito mas sio,SOUND_EFFECT_TYPE_SPELL_TRAIN_PARTY,,60.0,True,,,,2000,2000,False,,,True,,,,,
142,Avatar of Light,,265,300.0,,,False,,,"['paladin;true', 'royal paladin;true']",.\support\avatar_of_light.lua,support,uteta res sac,,,1500.0,True,,,,7200000,2000,True,,,,,True,,,
143,Avatar of Nature,,267,300.0,,,False,,,"['druid;true', 'elder druid;true']",.\support\avatar_of_nature.lua,support,uteta res dru,,,2200.0,True,,,,7200000,2000,True,,,,,True,,,
144,Avatar of Steel,,264,300.0,,,False,,,"['knight;true', 'elite knight;true']",.\support\avatar_of_steel.lua,support,uteta res eq,,,800.0,True,,,,7200000,2000,True,,,,,True,,,
145,Avatar of Storm,,266,300.0,,,False,,,"['sorcerer;true', 'master sorcerer;true']",.\support\avatar_of_storm.lua,support,uteta res ven,,,2200.0,True,,,,7200000,2000,True,,,,,True,,,
146,Blood Rage,,133,60.0,,,False,,,"['knight;true', 'elite knight;true']",.\support\blood_rage.lua,"['support', 'focus']",utito tempo,SOUND_EFFECT_TYPE_SPELL_BLOOD_RAGE,,290.0,True,,,,2000,"[2000, 2000]",False,,,True,,,,,
147,Cancel Invisibility,,90,26.0,,,False,,,"['paladin;true', 'royal paladin;true']",.\support\cancel_invisibility.lua,support,exana ina,SOUND_EFFECT_TYPE_SPELL_CANCEL_INVISIBILITY,,200.0,True,,,,2000,2000,False,,,True,,,,,
148,Cancel Magic Shield,,245,14.0,,,False,,,"['druid;true', 'sorcerer;true', 'elder druid;true', 'master sorcerer;true']",.\support\cancel_magic_shield.lua,support,exana vita,SOUND_EFFECT_TYPE_SPELL_CANCEL_MAGIC_SHIELD,,50.0,,,,,2000,2000,False,,,True,,,,,
149,Challenge,,93,20.0,,,False,,,elite knight;true,.\support\challenge.lua,support,exeta res,SOUND_EFFECT_TYPE_SPELL_CHALLENGE,,30.0,True,,,,2000,2000,False,,,,,,,,
150,Charge,,131,25.0,,,False,,,"['knight;true', 'elite knight;true']",.\support\charge.lua,support,utani tempo hur,SOUND_EFFECT_TYPE_SPELL_CHARGE,,100.0,True,,,,2000,2000,False,,,True,,,,,
151,Chivalrous Challenge,,237,150.0,,,False,,,"['knight;true', 'elite knight;true']",.\support\chivalrous_challenge.lua,support,exeta amp res,SOUND_EFFECT_TYPE_SPELL_CHIVALROUS_CHALLENGE,,80.0,True,,,,2000,2000,False,,,,,,,,
152,Creature Illusion,,38,23.0,,,False,,,"['druid;true', 'elder druid;true', 'sorcerer;true', 'master sorcerer;true']",.\support\creature_illusion.lua,support,utevo res ina,SOUND_EFFECT_TYPE_SPELL_CREATURE_ILLUSION,,100.0,,,,,2000,2000,False,,,,,True,,,
153,Divine Dazzle,,238,250.0,,,False,,,"['paladin;true', 'royal paladin;true']",.\support\divine_dazzle.lua,support,exana amp res,SOUND_EFFECT_TYPE_SPELL_DIVINE_DAZZLE,,80.0,True,,,,16000,2000,False,,,,,,,,
154,Divine Empowerment,,268,300.0,,,False,,,"['paladin;true', 'royal paladin;true']",.\support\divine_empowerment.lua,support,utevo grav san,,,500.0,True,7.0,,,32000,2000,True,,,True,,,,,
155,Expose Weakness,,243,275.0,,,,,,"['sorcerer;true', 'master sorcerer;true']",.\support\expose_weakness.lua,"['support', 'crippling']",exori moe,SOUND_EFFECT_TYPE_SPELL_EXPOSE_WEAKNESS,,400.0,,,,,12000,"[2000, 12000]",False,,,True,,,,,
156,Find Fiend,,20,25.0,,,False,,,"['druid;true', 'elder druid;true', 'knight;true', 'elite knight;true', 'paladin;true', 'royal paladin;true', 'sorcerer;true', 'master sorcerer;true']",.\support\find_fiend.lua,support,exiva moe res,,,20.0,,,,,2000,2000,False,,,,,,,,
157,Find Person,,20,8.0,,,False,,,"['druid;true', 'elder druid;true', 'knight;true', 'elite knight;true', 'paladin;true', 'royal paladin;true', 'sorcerer;true', 'master sorcerer;true']",.\support\find_person.lua,support,exiva,SOUND_EFFECT_TYPE_SPELL_FIND_PERSON,,20.0,,,,,2000,2000,False,,,,,True,True,,
158,Food,,42,14.0,,,False,,,,.\support\food.lua,support,exevo pan,SOUND_EFFECT_TYPE_SPELL_FOOD,,120.0,,,,,2000,2000,False,,,,1.0,,,,
159,Great Light,,11,13.0,,,False,,,"['druid;true', 'elder druid;true', 'knight;true', 'elite knight;true', 'paladin;true', 'royal paladin;true', 'sorcerer;true', 'master sorcerer;true']",.\support\great_light.lua,support,utevo gran lux,SOUND_EFFECT_TYPE_SPELL_GREAT_LIGHT,,60.0,,,,,2000,2000,False,,,True,,,,,
160,Haste,,6,14.0,,,False,,,"['druid;true', 'elder druid;true', 'knight;true', 'elite knight;true', 'paladin;true', 'royal paladin;true', 'sorcerer;true', 'master sorcerer;true']",.\support\haste.lua,support,utani hur,SOUND_EFFECT_TYPE_SPELL_HASTE,,60.0,True,,,,2000,2000,False,,,True,,,,,
161,Invisibility,,45,35.0,,,False,,,"['druid;true', 'elder druid;true', 'sorcerer;true', 'master sorcerer;true']",.\support\invisible.lua,support,utana vid,SOUND_EFFECT_TYPE_SPELL_INVISIBLE,,440.0,,,,,2000,2000,False,,,True,,,,,
162,Levitate,,81,12.0,,,False,,,"['druid;true', 'elder druid;true', 'knight;true', 'elite knight;true', 'paladin;true', 'royal paladin;true', 'sorcerer;true', 'master sorcerer;true']",.\support\levitate.lua,support,exani hur,SOUND_EFFECT_TYPE_SPELL_LEVITATE,,50.0,True,,,,2000,2000,False,,,,,True,,,
163,Light,,10,8.0,,,False,,,"['druid;true', 'elder druid;true', 'knight;true', 'elite knight;true', 'paladin;true', 'royal paladin;true', 'sorcerer;true', 'master sorcerer;true']",.\support\light.lua,support,utevo lux,SOUND_EFFECT_TYPE_SPELL_LIGHT,,20.0,,,,,2000,2000,False,,,True,,,,,
164,Magic Rope,,76,9.0,,,False,,,"['druid;true', 'elder druid;true', 'knight;true', 'elite knight;true', 'paladin;true', 'royal paladin;true', 'sorcerer;true', 'master sorcerer;true']",.\support\magic_rope.lua,support,exani tera,SOUND_EFFECT_TYPE_SPELL_MAGIC_ROPE,,20.0,True,,,,2000,2000,False,,,True,,,,,
165,Magic Shield,,44,14.0,,,False,,,"['druid;true', 'elder druid;true', 'sorcerer;true', 'master sorcerer;true']",.\support\magic_shield.lua,support,utamo vita,SOUND_EFFECT_TYPE_SPELL_MAGIC_SHIELD,,50.0,,,,,14000,2000,False,,,True,,,,,
166,Protector,,132,55.0,,,False,,,"['knight;true', 'elite knight;true']",.\support\protector.lua,"['support', 'focus']",utamo tempo,SOUND_EFFECT_TYPE_SPELL_PROTECTOR,,200.0,True,,,,2000,"[2000, 2000]",False,,,True,,,,,
167,Sap Strength,,244,275.0,,,,,,"['sorcerer;true', 'master sorcerer;true']",.\support\sap_strength.lua,"['support', 'crippling']",exori kor,SOUND_EFFECT_TYPE_SPELL_SAP_STRENGTH,,300.0,,,,,12000,"[2000, 12000]",False,,,True,,,,,
168,Sharpshooter,,135,60.0,,,False,,,"['paladin;true', 'royal paladin;true']",.\support\sharpshooter.lua,"['support', 'focus']",utito tempo san,SOUND_EFFECT_TYPE_SPELL_SHARPSHOOTER,,450.0,False,,,,10000,"[2000, 10000]",False,,,True,,,,,
169,Strong Haste,,39,20.0,,,False,,,"['druid;true', 'elder druid;true', 'sorcerer;true', 'master sorcerer;true']",.\support\strong_haste.lua,support,utani gran hur,SOUND_EFFECT_TYPE_SPELL_STRONG_HASTE,,100.0,True,,,,2000,2000,False,,,True,,,,,
170,Summon Creature,,9,25.0,,,,,,"['druid;true', 'sorcerer;true', 'elder druid;true', 'master sorcerer;true']",.\support\summon_creature.lua,support,utevo res,SOUND_EFFECT_TYPE_SPELL_SUMMON_CREATURE,,,,,,,2000,2000,False,,,,,True,,,
171,Swift Foot,,134,55.0,,,False,,,"['paladin;true', 'royal paladin;true']",.\support\swift_foot.lua,"['support', 'focus']",utamo tempo san,SOUND_EFFECT_TYPE_SPELL_SWIFT_FOOT,,400.0,True,,,,10000,"[2000, 10000]",False,,,True,,,,,
172,Ultimate Light,,75,26.0,,,False,,,"['druid;true', 'elder druid;true', 'sorcerer;true', 'master sorcerer;true']",.\support\ultimate_light.lua,support,utevo vis lux,SOUND_EFFECT_TYPE_SPELL_ULTIMATE_LIGHT,,140.0,True,,,,2000,2000,False,,,True,,,,,
